{
  "GlobalMean": {
    "rmse": 0.9314948170082623,
    "mae": 0.7048093673286466,
    "n": 184958,
    "global_mean": 4.082218943689052
  },
  "Popularity": {
    "rmse": 0.8685049183183052,
    "mae": 0.6749277713847182,
    "n": 184958
  },
  "ItemKNN": {
    "rmse": 0.9703069790969016,
    "mae": 0.7161729715613946,
    "n": 184958,
    "k_neighbors": 50
  }
}