{
  "best_weights": {
    "text_ncf": 0.0,
    "gmf": 0.0,
    "knn": 1.0
  },
  "val_metrics": {
    "HR@5": 0.6827370686159485,
    "NDCG@5": 0.6077094517285292,
    "HR@10": 0.6863108722567948,
    "NDCG@10": 0.6088855968288907,
    "HR@20": 0.7088242131954995,
    "NDCG@20": 0.6146451017809469
  },
  "test_metrics": {
    "HR@5": 0.6834794926415727,
    "NDCG@5": 0.6081718492292829,
    "HR@10": 0.6870208371630316,
    "NDCG@10": 0.6093370212679484,
    "HR@20": 0.7091015257517923,
    "NDCG@20": 0.6149851223781816
  },
  "grid_step": 0.1,
  "num_combos_searched": 66
}