{
  "retrieve_k": 200,
  "retriever": "ItemKNN",
  "ranker": "TextNCF",
  "metrics": {
    "HR@5": 0.3164285945998551,
    "NDCG@5": 0.27542875445639664,
    "HR@10": 0.3857578477275922,
    "NDCG@10": 0.29768240774495924,
    "HR@20": 0.4870889607370322,
    "NDCG@20": 0.32314904333277417,
    "gt_recall@200": 0.05002216719471447
  }
}