{
  "sasrec": {
    "HR@5": 0.8499929713772857,
    "HR@10": 0.8808540317261216,
    "HR@20": 0.9169324927821452,
    "NDCG@5": 0.8292468923949673,
    "NDCG@10": 0.8391984412762128,
    "NDCG@20": 0.848302839629886
  },
  "lightgcn_hg": {
    "HR@5": 0.6459844937769655,
    "HR@10": 0.7591345062122211,
    "HR@20": 0.8654613479817039,
    "NDCG@5": 0.535179061215155,
    "NDCG@10": 0.5718030843082332,
    "NDCG@20": 0.5987657130321471
  },
  "neumf_attn": {
    "HR@5": 0.5969571470279739,
    "HR@10": 0.7244996161290671,
    "HR@20": 0.846489473285827,
    "NDCG@5": 0.48086936831724264,
    "NDCG@10": 0.5221002496598814,
    "NDCG@20": 0.5529963844022482
  },
  "text_ncf_mt": {
    "HR@5": 0.5741898160663502,
    "HR@10": 0.6864261075487408,
    "HR@20": 0.8030850247083121,
    "NDCG@5": 0.4734371653909772,
    "NDCG@10": 0.5096607169133562,
    "NDCG@20": 0.5391651278136913
  }
}